Subreddit;NÃºmero de documentos
depression;486
relationship_advice;434
offmychest;392
nosleep;292
dirtypenpals;238
relationships;194
teenagers;152
lonely;148
raisedbynarcissists;138
mentalhealth;122
r4r;104
SuicideWatch;100
suicidewatch;100
Advice;92
advice;92
AmItheAsshole;75
amitheasshole;75
socialskills;70
TrueOffMyChest;62
trueoffmychest;62
unpopularopinion;60
rant;52
CPTSD;47
cptsd;47
UnsentLetters;44
aspergers;44
unsentletters;44
dating_advice;42
HFY;41
hfy;41
confessions;40
confession;38
Vent;36
creepypasta;36
depression_help;36
sexstories;36
vent;36
entitledparents;34
shortstories;34
BPD;31
bpd;31
MbtiTypeMe;30
Needafriend;30
mbtitypeme;30
needafriend;30
MakeNewFriendsHere;29
makenewfriendshere;29
redditserials;28
self;28
socialanxiety;28
Anxiety;27
ForeverAloneDating;27
anxiety;27
foreveralonedating;27
JUSTNOMIL;26
justnomil;26
legaladvice;26
libraryofshadows;26
changemyview;24
dirtykikpals;24
BreakUps;22
breakups;22
copypasta;22
fireemblem;22
mentalillness;22
stopdrinking;22
therapy;22
NoFap;20
askgaybros;20
mrcreeps;20
nofap;20
ptsd;20
selfimprovement;20
sex;20
stories;20
DirtyKIKRoleplay;19
JUSTNOFAMILY;19
dirtykikroleplay;19
justnofamily;19
dirtyr4r;18
exjw;18
infp;18
sad;18
ADHD;17
adhd;17
Drugs;16
dating;16
drugs;16
helpme;16
saltierthancrait;16
selfharm;16
ForeverAlone;14
adultery;14
alcoholicsanonymous;14
asktransgender;14
bipolar;14
careerguidance;14
eroticliterature;14
family;14
foreveralone;14
