Subreddit,Subscriptores,Etiqueta
relationships,2792724,True
relationship_advice,2651543,True
dirtypenpals,232589,True
AmItheAsshole,1799702,True
offmychest,1853732,True
depression,610554,True
Advice,384215,True
dating_advice,1374631,True
raisedbynarcissists,537029,True
AgeplayPenPals,,Error: 404
SuicideWatch,188122,True
r4r,299859,True
legaladvice,1123688,True
UnsentLetters,316901,True
AskDocs,204628,True
Anxiety,334367,True
tifu,15267449,True
BreakUps,115264,True
stopdrinking,222272,True
confession,1870526,True
TwoXChromosomes,12646135,True
socialskills,1428613,True
NoFap,564642,True
entitledparents,1036585,True
BPD,83674,True
u_Mansiji11,0,False
TalesFromRetail,587713,True
TrueOffMyChest,519105,True
rant,161466,True
DeadBedrooms,227713,True
sex,1491164,True
ExNoContact,56323,True
u_Suryaji11,-1,False
JUSTNOMIL,1219028,True
polyamory,143389,True
MyTSeriesComplaint,215,True
loseit,2073307,True
mentalhealth,149304,True
Dreams,140977,True
BDSMpersonals,89615,True
ADHD,645751,True
asktrp,69650,True
self,854575,True
breakingmom,55944,True
childfree,842990,True
askgaybros,200292,True
Vent,37054,True
askwomenadvice,228302,True
ForeverAloneDating,107781,True
dating,203714,True
MakeNewFriendsHere,189332,True
nosleep,13817235,True
asktransgender,126886,True
socialanxiety,237602,True
talesfromtechsupport,630502,True
TalesFromYourServer,326931,True
Needafriend,175778,True
confessions,649459,True
BabyBumps,151482,True
changemyview,935572,True
Divorce,48685,True
CPTSD,60634,True
LongDistance,143857,True
Roleplaykik,47374,True
Parenting,1848926,True
DDLGPersonals,21216,True
leaves,121042,True
Dogtraining,171184,True
personalfinance,14119540,True
futarp,8082,True
lonely,119854,True
bipolar,98877,True
u_MONUSHARMA77,0,False
seduction,469358,True
Roleplay,39271,True
makeupexchange,75269,True
gonewildstories,406490,True
TalesFromTheFrontDesk,278296,True
Drugs,650942,True
careerguidance,136531,True
datingoverthirty,130670,True
selfimprovement,300105,True
aspergers,70755,True
EntitledPeople,113710,True
IDontWorkHereLady,589344,True
askseddit,23296,True
gamerlifehack,363,True
Paranormal,545055,True
adultery,66308,True
DaddyDom,7098,True
actuallesbians,227746,True
LetsNotMeet,688990,True
shortscarystories,395350,True
Crushes,24876,True
jobs,305817,True
ForeverAlone,134759,True
u_Emma0900,-1,False
needadvice,,Error: 403
stepparents,31095,True
LittlespacePersonals,9342,True
OCD,70339,True
HealthAnxiety,22758,True
SluttyConfessions,244366,True
SubSimulatorGPT2,55613,True
TheRedPill,,Error: 403
RoleplayPartnerSearch,7842,True
DirtyKIKRoleplay,19346,True
FriendshipAdvice,6026,True
dogs,1357786,True
findapath,102849,True
selfharm,42033,True
survivinginfidelity,82538,True
pettyrevenge,772436,True
BDSMcommunity,185003,True
subredditreports,,Error: 403
fatpeoplestories,135228,True
u_Right_Garage,-1,False
Glitch_in_the_Matrix,552361,True
BPDlovedones,28720,True
bisexual,244074,True
copypasta,597411,True
TalesFromTheCustomer,225178,True
Assistance,141901,True
reactivedogs,23572,True
MaliciousCompliance,980965,True
mkitvicmk,,Error: 404
NarcissisticAbuse,53838,True
JUSTNOFAMILY,122617,True
MomForAMinute,96912,True
gentlefemdompersonals,15590,True
DnD,1589123,True
guildrecruitment,6489,True
DnDGreentext,294204,True
fragsplits,9998,True
furryroleplay,837,True
chugalugdigests,36,False
AlAnon,20787,True
exmormon,157424,True
LegalAdviceUK,68794,True
DMAcademy,241470,True
CasualConversation,1055285,True
BipolarReddit,43703,True
Marriage,128419,True
ProRevenge,937301,True
ptsd,41292,True
DailyHerald,,Error: 403
cscareerquestions,345684,True
VoiceyHere,11405,True
depression_help,49153,True
u_deepanshu009,0,False
LondonSocialClub,26473,True
gaystoriesgonewild,80436,True
infp,80543,True
proED,,Error: 404
exjw,47561,True
stupidslutsclub,223891,True
eroticpenpals,14534,True
redditoryt,15014,True
RantsFromRetail,13537,True
Psychonaut,267123,True
SeriousConversation,33583,True
ftm,69825,True
quittingkratom,12277,True
intj,76488,True
NoPoop,559,True
infj,67240,True
puppy101,82524,True
mypartneristrans,24463,True
nonmonogamy,59291,True
DreamInterpretation,10412,True
Endo,13045,True
AstralProjection,110428,True
IronThroneRP,2981,True
creepyencounters,198819,True
DangerDylanTLDR,131,True
Petloss,12610,True
frontatheism,55,False
CelebDPP,2001,True
asexuality,64250,True
AmItheButtface,30480,True
MtF,73660,True
doublespeaksterile,13,False
introvert,190565,True
teenrelationships,7597,True
femdompersonals,20320,True
frontaww,119,True
weddingplanning,124289,True
OpiatesRecovery,23920,True
badroommates,52006,True
JustNoSO,72807,True
lfg,96616,True
ChronicPain,39608,True
careeradvice,14758,True
VirginityExchange,34046,True
front,586,True
AskHR,32515,True
getdisciplined,532018,True
IncestRoleplay,19697,True
RedPillWomen,42353,True
DPPprofiles,5736,True
DecidingToBeBetter,414140,True
OnlineAffairs,19397,True
Sleepparalysis,30422,True
TalkTherapy,10688,True
raisedbyborderlines,33104,True
rape,16663,True
infertility,16991,True
FindAUnit,8246,True
MMFB,31318,True
talesfromcallcenters,187647,True
StopGaming,29275,True
BreakUp,8760,True
watchxmoviesbb_club,,Error: 404
wowguilds,18726,True
LifeAdvice,6566,True
AsianParentStories,34742,True
juststart,54594,True
OverwatchUniversity,201861,True
nickkuvaas,204,True
LucidDreaming,302336,True
abusiverelationships,21665,True
circlebroke,37069,True
TheGirlSurvivalGuide,191934,True
frontgaming,55,False
u_soleil_coffeefix,0,False
Nanny,12466,True
friendship,8607,True
AgeplayPenPals2,,Error: 404
TransformationRP,5877,True
GameBanshee,60,False
BattleCampHacked,27,False
loveafterporn,7740,True
Christianity,226773,True
GamerPals,58054,True
ENFP,40897,True
respectthreads,45244,True
frontwtf,191,True
varicocele,1353,True
DestinationWa,143,True
frontgonewild,2790,True
R4R30Plus,59463,True
frontaskreddit,98,False
internetparents,114649,True
exchristian,61490,True
relationships_advice,13036,True
pornfree,128237,True
Codependency,28364,True
beyondthebump,118763,True
schizophrenia,29095,True
FanTheories,610153,True
u_aghoritantrik21,0,False
frontbestof,348,True
Rapekink,95282,True
MakeupRehab,80669,True
AsOneAfterInfidelity,7592,True
JakeAndAmirScripts,847,True
stepmonsters,189,True
rapecounseling,14641,True
family,67981,True
HorrorReviewed,11851,True
frontfunny,106,True
LifeAfterNarcissism,39309,True
frontadviceanimals,29,False
therapy,24954,True
AnxietyDepression,23323,True
u_pine_squirrl,-1,False
LoLChampConcepts,2582,True
heartbreak,16544,True
GriefSupport,17875,True
Herpes,10209,True
u_ggdffdfdg55,-1,False
NevilleGoddard,21034,True
u_bitgamecheatstool,0,False
u_susanandrews2012,-1,False
frontmylittlepony,60,False
NFLPlayoffScenarios,614,True
entitledkids,33871,True
Thetruthishere,245617,True
narcissisticparents,21186,True
u_cogamecheats,0,False
u_drgamecheatstool,0,False
naughtyfromneglect,43250,True
retailhell,13678,True
alcoholism,29875,True
JustNoTalk,9804,True
ABraThatFits,149841,True
INTP,83143,True
SeattleUnmoderated,383,True
frontpics,148,True
Swingers,146657,True
u_SerialBrain2,0,False
frontiama,62,False
DiagnoseMe,11335,True
primalmealplan,6171,True
FFXIVRECRUITMENT,24779,True
Nightmares,7007,True
TrueFilm,221964,True
sexstories,114893,True
LoserleavesReddit,597,True
u_99gamecheats,0,False
u_livegamecheats,0,False
PurplePillDebate,42354,True
Sciatica,4726,True
bipolar2,17705,True
CharacterRant,13143,True
waiting_to_try,8162,True
EntitledBitch,192581,True
u_Acathlen56,-1,False
frontvideos,197,True
MoarStories,4897,True
sad,64802,True
depressed,16867,True
clarkson,3758,True
BingeEatingDisorder,27723,True
LegalAdviceWeb,30,False
res30stupid,420,True
emetophobia,6083,True
u_101gamecheats,0,False
u_instagamecheats,0,False
BipolarSOs,10313,True
DirtyStoryWriting,2800,True
ROCD,4110,True
truegaming,689834,True
DID,12327,True
CliqueSupport,1699,True
relationshipadvice,39325,True
RapidgatorShare,,Error: 404
u_hitgamecheats,0,False
frontmovies,156,True
ABDLPersonals,9059,True
BillMurrayMovies,1737,True
helpme,8414,True
SROTD_Archives,237,True
MRSelfPostCopies,219,True
EatingDisorders,33421,True
TalesFromFastFood,11306,True
Ijustwatched,14116,True
Agoraphobia,7577,True
EDAnonymous,31316,True
InfluenceAdvice,,Error: 403
lawofattraction,99116,True
british_tea_company,,Error: 403
ALLISMIND,2941,True
stockaday,3290,True
u_bestofgamecheats,0,False
Miscarriage,5963,True
polyamoryR4R,42992,True
addiction,39322,True
DiscordRP,790,True
WrAItingPrompts,55,False
CricketGroups,1186,True
GFDP,462,True
ScarlettGolightly,,Error: 403
u_hotgamecheats,0,False
AdultSelfHarm,1443,True
u_OpenSlip,0,False
jw_mentions,346,True
Anger,19176,True
MultipleSclerosis,15985,True
entitledredditors,6430,True
FriendsofthePod,16272,True
bdsmr4r,2438,True
LGBTeens,92532,True
running,832882,True
xxfitness,375024,True
hotpast,41169,True
removalbot,2018,True
CheatedOn,2509,True
Marobudi007,,Error: 404
u_wegamecheatstool,0,False
spirituality,92358,True
penpals,102160,True
postvasectomypain,258,True
TalesFromThePizzaGuy,157135,True
roleplaying,2974,True
BorderlinePDisorder,15743,True
marriageadvice,5271,True
TMJ,6359,True
MrReddit,3182,True
dpdr,27138,True
spikes,78305,True
Psychic,102683,True
Workproblems,405,True
HiveWriting,587,True
u_nugamecheats,0,False
MySexConfession,,Error: 404
MarketingDownload,,Error: 404
medical,43867,True
GameofThronesRP,2860,True
limerence,5076,True
ITCareerQuestions,111497,True
GolfReimagined,108,True
BDSMAdvice,104837,True
teenswhowrite,827,True
MHoCCampaigning,291,True
randomsuperpowers,831,True
Rants,5080,True
TrueChristian,49403,True
GFDpersonals,4871,True
venting,5390,True
USMilitarySO,6346,True
bigonewildstories,3672,True
PanicAttack,8486,True
team_bowser,189,True
TheDeepGeneration,131,True
adviceforyoungadults,184,True
u_Lezzapola,-1,False
Nammos_storytime,5,False
questioning,7104,True
ehlersdanlos,16997,True
HGK477,14793,True
Test_Posts,113,True
sexover30,113919,True
scarystories,100621,True
povertyfinance,283811,True
honesttransgender,1670,True
REDDITORSINRECOVERY,26669,True
AskParents,29365,True
u_upgamecheats,0,False
LifeasanNPC,37607,True
relationshipanarchy,1856,True
u_PapaSmoke86,0,False
ThePeopleWatchingUs,6,False
u_FucksWithHiveMind,0,False
InvisibleElves,2,False
Business_Analyst,283,True
Reduction,8811,True
TopOfThe,165,True
KindVoice,44462,True
Epilepsy,13305,True
talesfromsecurity,64177,True
GradSchool,90648,True
deadbedroom,11353,True
howtonotgiveafuck,446609,True
AirBnB,34306,True
KikRoleplay,7430,True
simrally,5391,True
CSCQSimulator,8,False
BPPV,404,True
redditsummary,55,False
Asexual,25394,True
buzzfeedbot,6224,True
emotionalabuse,9056,True
nocontact,2009,True
Kidasuna,116,True
EdgyLatinRaids,39,False
u_ALesserMagician,0,False
u_purplefartghost,-1,False
u_gamerjibe,0,False
Poutsub,39,False
u_myliferollercoaster,0,False
BBORG2_Patrick,2,False
team_charmander,218,True
u_broadedw67,-1,False
DisneySongRankdown,127,True
Paranoid,346,True
frontscience,478,True
FanStorytime,1873,True
GraxPy,27,False
AskWomenOver30,66066,True
SuicideBereavement,12099,True
demisexuality,17408,True
autism,63984,True
atheismbot,2453,True
LITTLEPERSONALS,,Error: 404
flashfiction,3000,True
Teachers,138089,True
Slaves,,Error: 404
u_betagamecheats,0,False
Wierddreams,539,True
castaneda,1112,True
hacker,9051,True
TheFalloutDiaries,2943,True
100movies365days,2564,True
HampsterStories,8,False
ImaginaryDialogues,1757,True
MetaMandela,1066,True
OnTheFrontier,7,False
u_FaithfulYetSad,0,False
u_trygamecheats,0,False
Hastories,,Error: 403
Tokechai,1,False
UKFraudsters,,Error: 404
u_Deborah_hecker,0,False
FreshIrishGamerHD,0,False
xxanime,2504,True
DiamoOfTheDay,35,False
CultureWarRoundup,631,True
poiyurt,52,False
u_Specialist_Soft,-1,False
FFXIPrivateServers,888,True
topsitesbb,,Error: 404
detrans,10351,True
fuckeatingdisorders,14400,True
Tulpas,31075,True
pwr,109,True
abortion,11378,True
Fibromyalgia,23173,True
cglpersonals,1303,True
girladvice,814,True
AskMenAdvice,8582,True
HobbyDrama,94838,True
stunfisk,77295,True
CatAdvice,11623,True
rSlash_YT,7222,True
financialindependence,708496,True
askMRP,8866,True
u_ongamecheats,-1,False
EnigmaticWrites,3,False
doctorgecko,17,False
Tipop,31,False
NicksDreamz,3,False
mspaintshoops,42,False
realitychecks,863,True
XcutionRP,,Error: 403
aholhs,1,False
TrumpReport,30,False
personalopinion,519,True
MTGTournaments,914,True
doublespeakdoctrine,5,False
DatingAfterThirty,10296,True
pregnant,50214,True
PMDD,11416,True
RPGdesign,18059,True
rwbyRP,1044,True
SupersRP,518,True
gametales,42950,True
rpg,877357,True
u_lucasbaxendale,-1,False
SecretWinter,68,False
CompetitiveHS,97375,True
petty_revenge,6621,True
Ilovemyself,56,False
BDSMerotica,37631,True
stobuilds,13942,True
lasik,4874,True
misophonia,34396,True
cheating_stories,45778,True
badhistory,183315,True
AdultChildren,15247,True
SirLemoncakes,4104,True
Apeirophobia,391,True
nosework,677,True
John_writes,76,False
Camp_Jupiter,222,True
fronttodayilearned,258,True
VercWrites,13,False
cruciformity,758,True
Whale62,178,True
CapeCodGaming,181,True
TDDramaHouse,32,False
u_MisfortunateBachelor,0,False
u_influx-com,0,False
u_XMR_TO,-1,False
u_pixelflows,0,False
relationship_abuse,109,True
InkbloodWritersGuild,631,True
ACoNLAN,1048,True
Ritwik_Mitra,33,False
MaestersoftheFreefolk,842,True
smitedamage,29,False
stockrocket,339,True
MarieAnnWatson,1496,True
clutchbaseball,174,True
RoastMyIdea,156,True
writesthewords,12,False
u_RealR00,-1,False
blackskiesRP,41,False
fuckyoumorgan,3107,True
Terkmc,,Error: 403
Justnofil,19379,True
BDSMoriginal,9460,True
Wetshaving,18743,True
stopsmoking,102382,True
love,102147,True
Vasectomy,2776,True
Parenting_Tips,,Error: 404
u_igamecheats,0,False
mourning,165,True
talesfromthelaw,25411,True
Christianmarriage,4537,True
SantasLittleHelpers,23881,True
KidneyStones,3294,True
Empaths,40397,True
hsp,16622,True
depression_partners,910,True
Blooming,20,False
pulpheroes,570,True
DirtyEuro4Euro,4917,True
dysthymia,3329,True
derealization,2393,True
Anxietyhelp,40754,True
SingleParents,14360,True
BadNeighbors,2357,True
AdvancedLiterateRP,528,True
phph,,Error: 403
u_Connectzapp,0,False
tamfail,12,False
GLRP_NorthBlue,,Error: 403
Echmer,40,False
MtvStranded,419,True
Sexualroleplay,297,True
drewmikepodcast,267,True
xychromosomes,1311,True
SocialismVSCapitalism,72,False
u_NotAQTGF,-1,False
JA_Torch,2,False
MasculineClass,263,True
homilies,73,False
EroticaStories,,Error: 404
jobudstories,1816,True
WastedStuff,,Error: 403
FortyTwoDogs,49,False
u_livestreamsecrets,0,False
LucidDream,1508,True
mildlybrokenvoice,782,True
VanillaPlus,100,False
GriffonOak500,3,False
Cristler,13,False
TheCountry,154,True
ChokingVictimWrites,1437,True
BadElf21,699,True
ScottPetersonCase,1358,True
nobuy,9353,True
Rainbow_Babies,1259,True
ASharedNarrative,2,False
LittleSpacePenPals,2103,True
MerchPrintOnDemand,1093,True
redditdefiants,147,True
aaronscorner,1,False
misophoniatraining,97,False
u_NationofChange,0,False
MasakoX,738,True
SexAddiction,4122,True
Luna_Lovewell,38854,True
NVLD,513,True
dyscalculia,2238,True
u_Islehaven,0,False
u_BetterOffBowling,0,False
MakeFemaleFriendsHere,451,True
Wheezywrites,42,False
JordanPeterson,198059,True
magicbuilding,16465,True
AskGayMen,22635,True
TryingForABaby,46935,True
datingoverforty,9488,True
AvPD,10213,True
alone,4281,True
awoiafrp,1531,True
HPPD,3283,True
AskGaybrosOver30,13337,True
latebloomerlesbians,14351,True
FTMMen,7727,True
HFY,128697,True
awakened,95924,True
AlasFeels,3854,True
ModelTimes,275,True
shortscifistories,6161,True
NoFapChristians,25290,True
Christianr4r,628,True
doublespeaklockstep,,Error: 403
blendedfamilies,4704,True
PerilousPlatypus,10819,True
SamsStoriesSub,247,True
IronThronePowers,1769,True
MageQuest,58,False
aromantic,11349,True
aspergirls,25960,True
adhdwomen,12413,True
college,277405,True
shingles,624,True
flutterguy123,19,False
TricksterPriestJace,1,False
nicepeople,746,True
cymbalta,845,True
TheSecretLOA,324,True
JordanBPeterson,,Error: 403
u_Lolitain_Official,0,False
PsychicGiftedSoul,104,True
Lectionary,210,True
methodism,1118,True
removethemods,116,True
u_ylallily,-1,False
u_danalbidlake2019,-1,False
AIDB,113,True
SubredditSimulator_SS,1044,True
u_ThreeDucksInAManSuit,0,False
Knightfall31,2,False
pillscollide,352,True
SynergyServer,127,True
ymrealdeal,,Error: 403
Exhomosexual,248,True
Postpartum_Anxiety,876,True
digimonrp,190,True
u_EugeneYuu13,0,False
fatfishingstories,2685,True
TheInsurrection,26,False
WhimsyWrites,57,False
herokids,271,True
braintumor,463,True
Elements,886,True
u_tinkerbell_82,0,False
GWA_WeeklyFormat,40,False
shnokums,21,False
u_workrockin,0,False
Airmen,227,True
perthproduction,86,False
jobhunting,1790,True
DSDcode,,Error: 404
MembersOfTheArmada,2,False
Talesofwesteros,39,False
AllThingsEnglish,7,False
SuzemtteFictionWrite,9,False
u_FlimsyConstant,-1,False
ChiaraNova,3,False
HusbandRant,285,True
NoBingeChallenge,38,False
mikailgirl,6,False
u_adamsjade,0,False
DatabaseForTheLeft,550,True
EventideMZ,10,False
u_vArglebargle,-1,False
overcomposer,18,False
opiates,93851,True
Meditation,451357,True
grenadiere42,176,True
twinflames,5990,True
AuthorKurt,1121,True
ITRPCommunity,1958,True
eroticliterature,84988,True
CompulsiveSkinPicking,37946,True
losangelesevents,1114,True
backpain,9880,True
BankMoney,,Error: 404
BFS,767,True
cfs,12626,True
Soulnexus,21636,True
ibs,36718,True
AgeGap,6839,True
widowers,6383,True
AusLegal,9865,True
MonsterGirlRP,2430,True
Erotica,57890,True
deadbedroomtalk,826,True
CommittedDating,1061,True
subredditoftheday,749934,True
legaladvicecanada,13196,True
awakenedliving,989,True
dndnext,288946,True
DysmorphicDisorder,2413,True
UnresolvedMysteries,893148,True
Sharks_Stuff,9,False
magnora7,2078,True
tripreport,621,True
spoiledkids,965,True
sagesgrandarchives,514,True
ifthenewbellow,,Error: 404
AdulteryHate,1847,True
sahm,2392,True
AntiHeroReborn,38,False
comphsdeleted,127,True
u_RJ-Hamster,0,False
exmuslim,63303,True
eShopperReviews,745,True
Keratoconus,6012,True
altTRP,1652,True
stilltrying,4576,True
ElliasterPBP,19,False
u_oliviaangel4252,-1,False
u_jourgechris44,-1,False
CASTorDIE,111,True
FlashFiction4You,217,True
EntitledBrats,471,True
QwartzClock,1,False
DacriaWrites,1,False
SASSWitches,8835,True
u_Maepaperclip,-1,False
2014goals,25,False
u_DizzyEqual,-1,False
ChildrenOfAlcoholics,421,True
EntitledParentsBS,448,True
myroleplayprompts,,Error: 404
WiselyWrittenWords,18,False
PromGoneWRONG,454,True
FalseMachine,189,True
KinkyDnD,268,True
u_the5ammommy,0,False
Divergences,451,True
BeyondDebate,388,True
nevergrewup,777,True
TractorPads,7,False
u_DoctorAltaria,0,False
ModelCTVNews,0,False
GuyoFromOhio,1,False
GodsGraveyard,3,False
SpinATaleForMe,33,False
MMALatest,120,True
AnCapHeretics,267,True
Bicolline,355,True
RandomActsOfGreed,,Error: 403
mMaester,20,False
u_justarandom179,0,False
Tokophobia,804,True
CleanLivingKings,6687,True
TDRankdown,58,False
TheWriterDiaper,143,True
u_suparblog,0,False
careerquestions,318,True
u_Ashley_Lane_club,-1,False
Wehaveaproblem,11,False
EMTstories,5295,True
bitch,753,True
Levilarrington,4,False
AspieR4R,286,True
owblizztracker,0,False
u_adamsjourge44,-1,False
u_vanithatolsay23,0,False
MADDOGE,227,True
FriendsofGod,467,True
u_amitsharma70155,0,False
MACElection1,9,False
indigo_wanderers,668,True
SadThoughts,346,True
SFTS,498,True
RedditEmblemThracia,44,False
u_vanithatolsay,0,False
NSFW_Playtime,128,True
lulzFunds,,Error: 403
u_fayo3okbarda,-1,False
tacohcf,,Error: 403
FOGRemoval,371,True
Selfhealingmadd,190,True
IBoughtACarOneTime,605,True
Theories_on_Anything,945,True
Intheoffice,496,True
NonMonoR4R,3978,True
CharacterConcepts,1839,True
thewritinghabit,21,False
u_braunplasticsurgery,-1,False
HoeArena,106,True
BehindtheVeilRP,49,False
THWND,146,True
StarshipTheory,1440,True
HxHTournament,12,False
u_CriminalDispleasure,0,False
chicagoseddit,236,True
PokemonContests,360,True
u_KimNorton54845,0,False
u_shielassi5dic,0,False
PCOS,42717,True
marriedredpill,31772,True
PepTalksWithPops,25176,True
mentalillness,25977,True
cripplingalcoholism,43600,True
evejobs,13494,True
askatherapist,6118,True
AppleLastNews,360,True
adultsurvivors,11821,True
TalesFromThePharmacy,123007,True
u_newnewsheadlines,-1,False
work,15844,True
XcessiveWriting,5568,True
u_NEELROY77,-1,False
OSDD,1097,True
dndstories,20971,True
jraywang,8068,True
overcoming,4587,True
BeastFiction,5153,True
ExistentialSupport,1962,True
trichotillomania,9193,True
TheMixedNuts,4152,True
xxketo,100133,True
CMHoCElection9,31,False
CautiousBB,6692,True
rpghorrorstories,134310,True
ZwhoWrites,166,True
JamesBryantology,55,False
indoorbouldering,5554,True
UnsentLetter,492,True
discordroleplay,1026,True
bluelizardK,684,True
egodeath,1075,True
TempIdReview,301,True
ResistTyranny,261,True
PornFreeRelationships,2967,True
PetPlayPersonals,,Error: 404
frontpolitics,89,False
u_nikita_chauhan2019,0,False
CreateYoureReality,179,True
OpinionsReviewsViews,5,False
AskMenOver30,125190,True
OvereatersAnonymous,3985,True
frontall,179,True
breastfeeding,56306,True
shortstories,37811,True
alcoholicsanonymous,21351,True
mattcolville,52825,True
DirtyConfession,74594,True
domesticviolence,9298,True
Career_Advice,12558,True
maynardftw,7,False
baafto,37,False
SimplyDivine,30,False
SquidCritic,86,False
abuse,9394,True
TravisTea,400,True
dperez82PG,3,False
LDR,10572,True
ThaumaturgyOfViolet,14,False
dangancitylights,29,False
Tulpa,1521,True
VerboseBuffalo,13,False
u_anotherthrowawaysays,0,False
ColoredInk,41,False
76BugWiki,82,False
u_anetacrowe,-1,False
ChildPsychology,532,True
u_GiftedSoul777,0,False
LucidDreamingSpec,1111,True
OgresOpinions,4,False
ChristianRelationship,160,True
BlueStarSocialism,302,True
latenightcravings,1593,True
u_0784951623,0,False
u_TeachersStartingFire,0,False
EffexorSuccess,831,True
Piece,20,False
WicDiv,867,True
spinnelein2,1,False
Gloryndria,9,False
HumanOperatingManual,,Error: 403
u_1PercenterAnarchist,-1,False
u_GameCheats_2646,-1,False
vintnerwrites,32,False
buteyko,1623,True
DeYtHBhOrrorClub,3,False
DreamCareerHelp,2181,True
lonelyhearts,72,False
520,5,False
partnersofsexworkers,569,True
u_PitchIt12345,-1,False
VolvaryWrites,33,False
u_dilinh3,0,False
u_Orange_Solitude,0,False
trueretention,226,True
HipImpingement,286,True
Ayreon,1427,True
Jim_Whiterat_Writes,6,False
u_DramaticSchedule,-1,False
VeronikasGunpla,32,False
u_TheGuiltySpark117,0,False
AdNauseamMTG,280,True
u_hugovongunnar,-1,False
ExBoyfriend,251,True
worries,41,False
talesfromthetrades,1304,True
FriendsForDepressed,347,True
gamearcane,568,True
fucktoy,1329,True
Laser_Writing,12,False
LGBTOpenModmail,167,True
u_emailfront17,-1,False
onceuponatimeinberlin,14,False
RedditLight,119,True
u_davidrusel88,0,False
TheInfinitum,1,False
u_ramsey5oe,0,False
HighSchoolBlue,13,False
Freenet,2710,True
u_Dai10zin,0,False
Transinrelationships,707,True
Head2HeadMG,384,True
BookOfSand,,Error: 403
u_jpowell79,0,False
Ahmadis_Respond,27,False
AnarchyAnarchy,21,False
u_ARobotNamedFights,0,False
1WorthlessPiggy,154,True
DivineSands,87,False
incestexperiences,,Error: 404
u_Ilineri,0,False
Kristala,33,False
u_powerfulspellcaster,0,False
custodyissues,410,True
SDAM,900,True
MillbankTower,66,False
dearMCS,1,False
ProjectSTP,40,False
u_broadedw44,-1,False
HaloClans,125,True
u_Pethle,0,False
Hypnagogia,589,True
vancouverdating,511,True
EarStretching,591,True
IraStories,6,False
Spartakus,1442,True
u_filledwithjoy,0,False
MaximumEffort433,61,False
u_stiphonjames71,-1,False
cheatingSO,211,True
